Highest Layer,Transport Layer,Source IP,Destination IP,Source Port,Destination Port,Packet Length,Packets/Time
SSDP,UDP,1,239.255.255.250,64723,1900,216,0.0
SSDP,UDP,1,239.255.255.250,64723,1900,216,0.537932730962454
SSDP,UDP,1,239.255.255.250,64723,1900,216,0.6929356825025027
SSDP,UDP,1,239.255.255.250,64723,1900,216,0.7673955074207293
